{"cameraMode":{"drawMode":0,"name":"Shaded","section":"Shading Mode"},"sceneLighting":true,"audioPlay":false,"sceneViewState":{"showFog":true,"showMaterialUpdate":false,"showSkybox":true,"showFlares":true,"showImageEffects":true,"showParticleSystems":true,"showVisualEffectGraphs":true,"m_FxEnabled":true},"in2DMode":false,"pivot":{"x":0.2239243984222412,"y":12.621529579162598,"z":-10.470793724060059},"rotation":{"x":0.07791797071695328,"y":-0.2988840937614441,"z":0.025556402280926706,"w":0.9509658217430115},"size":2.266812562942505,"orthographic":false}