{"cameraMode":{"drawMode":0,"name":"Shaded","section":"Shading Mode"},"sceneLighting":true,"audioPlay":false,"sceneViewState":{"showFog":true,"showMaterialUpdate":false,"showSkybox":true,"showFlares":true,"showImageEffects":true,"showParticleSystems":true,"showVisualEffectGraphs":true,"m_FxEnabled":true},"in2DMode":false,"pivot":{"x":2.9811534881591799,"y":8.144970893859864,"z":6.096958160400391},"rotation":{"x":-0.037063222378492358,"y":0.08026617765426636,"z":0.0029767542146146299,"w":0.9960930943489075},"size":10.968960762023926,"orthographic":false}