{"cameraMode":{"drawMode":0,"name":"Shaded","section":"Shading Mode"},"sceneLighting":true,"audioPlay":false,"sceneViewState":{"showFog":true,"showMaterialUpdate":false,"showSkybox":true,"showFlares":true,"showImageEffects":true,"showParticleSystems":true,"showVisualEffectGraphs":true,"m_FxEnabled":true},"in2DMode":false,"pivot":{"x":2.249413251876831,"y":5.853613376617432,"z":6.234336853027344},"rotation":{"x":0.022764787077903749,"y":0.060854002833366397,"z":-0.001398306805640459,"w":0.9978994727134705},"size":10.369722366333008,"orthographic":false}