{"cameraMode":{"drawMode":0,"name":"Shaded","section":"Shading Mode"},"sceneLighting":true,"audioPlay":false,"sceneViewState":{"showFog":true,"showMaterialUpdate":false,"showSkybox":true,"showFlares":true,"showImageEffects":true,"showParticleSystems":true,"showVisualEffectGraphs":true,"m_FxEnabled":true},"in2DMode":false,"pivot":{"x":22.87554931640625,"y":-14.533451080322266,"z":-24.712528228759767},"rotation":{"x":0.09010019153356552,"y":-0.26844894886016848,"z":0.026682831346988679,"w":0.9589794874191284},"size":5.920701026916504,"orthographic":true}