{"cameraMode":{"drawMode":0,"name":"Shaded","section":"Shading Mode"},"sceneLighting":true,"audioPlay":false,"sceneViewState":{"showFog":true,"showMaterialUpdate":false,"showSkybox":true,"showFlares":true,"showImageEffects":true,"showParticleSystems":true,"showVisualEffectGraphs":true,"m_FxEnabled":true},"in2DMode":false,"pivot":{"x":18.50887680053711,"y":15.220952987670899,"z":33.57379913330078},"rotation":{"x":-0.008656003512442112,"y":0.3011750280857086,"z":0.003894585883244872,"w":0.9536706805229187},"size":28.599367141723634,"orthographic":false}