{"cameraMode":{"drawMode":0,"name":"Shaded","section":"Shading Mode"},"sceneLighting":true,"audioPlay":false,"sceneViewState":{"showFog":true,"showMaterialUpdate":false,"showSkybox":true,"showFlares":true,"showImageEffects":true,"showParticleSystems":true,"showVisualEffectGraphs":true,"m_FxEnabled":true},"in2DMode":false,"pivot":{"x":22.87554931640625,"y":-14.533451080322266,"z":-24.712528228759767},"rotation":{"x":0.0010716054821386934,"y":-0.00007634900248376653,"z":0.0013749131467193366,"w":1.0002670288085938},"size":11.951644897460938,"orthographic":true}