{"cameraMode":{"drawMode":0,"name":"Shaded","section":"Shading Mode"},"sceneLighting":true,"audioPlay":false,"sceneViewState":{"showFog":true,"showMaterialUpdate":false,"showSkybox":true,"showFlares":true,"showImageEffects":true,"showParticleSystems":true,"showVisualEffectGraphs":true,"m_FxEnabled":true},"in2DMode":false,"pivot":{"x":0.15801316499710084,"y":-0.8541311621665955,"z":1.4473448991775513},"rotation":{"x":0.23753976821899415,"y":0.06057450920343399,"z":-0.014842391014099121,"w":0.9693741798400879},"size":3.36112380027771,"orthographic":false}