{"cameraMode":{"drawMode":0,"name":"Shaded","section":"Shading Mode"},"sceneLighting":true,"audioPlay":false,"sceneViewState":{"showFog":true,"showMaterialUpdate":false,"showSkybox":true,"showFlares":true,"showImageEffects":true,"showParticleSystems":true,"showVisualEffectGraphs":true,"m_FxEnabled":true},"in2DMode":false,"pivot":{"x":-3.258925437927246,"y":19.59628677368164,"z":-1.6588585376739503},"rotation":{"x":0.0042641134932637218,"y":-0.9939270615577698,"z":-0.04146043583750725,"w":-0.10203167051076889},"size":15.812522888183594,"orthographic":false}